,pageid,title,Race,Gender,Nationality,Family,Profession
0,8046,Innkeeper,No Race,No Gender,No Nationality,No Family,No Profession
1,5069,The Witcher journal character entries,No Race,No Gender,No Nationality,No Family,No Profession
2,2478,Abigail,Human,Female,Temerian,No Family,Witch
3,53882,Adalbert (soldier),Human,Male,Temerian,No Family,Soldier
4,2210,Adam (Murky Waters),Human,Male,Temerian,No Family,Poet
5,2491,Adda the White,Human,Female,Temerian,No Family,No Profession
6,2212,Alina,Human,Female,Temerian,No Family,No Profession
7,2216,Alvin,Human,Male,Temerian,No Family,No Profession
8,5971,Andrew Gablodda,No Race,No Gender,No Nationality,No Family,No Profession
9,2709,Angus,Human,Male,Temerian,No Family,Drug dealer
10,4774,Antoinette,Human,Female,Toussaintois,No Family,No Profession
11,6920,Armorer,No Race,No Gender,No Nationality,No Family,No Profession
12,2487,Azar Javed,Human,Male,Zerrikanian,No Family,Mage
13,2488,Berengar,Human,Male,No Nationality,No Family,Witcher
14,5075,Blacksmith,No Race,No Gender,No Nationality,No Family,No Profession
15,7593,Blacksmith's son,Human,Male,Temerian,No Family,Merchant
16,7595,Blacksmith's wife,Human,Female,Temerian,No Family,No Profession
17,2230,Blue-eyed lass,Human,Female,Temerian,No Family,Courtesan
18,10264,Bogut Kuternoga,Human,Male,No Nationality,No Family,No Profession
19,9349,Boholt,Human,Male,Crinfrider,No Family,Mercenary
20,8545,Bookseller,Human,Male,Temerian,No Family,Merchant
21,4333,Bootblack (Vizima),No Race,No Gender,No Nationality,No Family,No Profession
22,6786,Brickmakers,No Race,No Gender,No Nationality,No Family,No Profession
23,2547,Brogg,No Race,No Gender,No Nationality,No Family,No Profession
24,8037,Buse,Human,Male,Toussaintois,No Family,No Profession
25,5973,Butter Bean,No Race,No Gender,No Nationality,No Family,No Profession
26,2207,Carmen,Human,Female,Temerian,No Family,Prostitute
27,3776,Caroline,Human,Female,Temerian,No Family,No Profession
28,2597,Celina,Human,Female,Temerian,No Family,No Profession
29,3385,Chireadan,Elf,Male,Redanian,No Family,Tavern owner
30,5355,City Guard,No Race,No Gender,No Nationality,No Family,No Profession
31,2602,Clerks,No Race,No Gender,No Nationality,No Family,No Profession
32,4310,Coccacidium,No Race,No Gender,No Nationality,No Family,No Profession
33,4476,Coleman,Human,Male,Temerian,No Family,Fisstech Dealer
34,6536,Con artist,Human,Male,Temerian,No Family,Con artist
35,4533,Conrad,Human,Male,Temerian,No Family,No Profession
36,8039,Corbin,Human,Male,Toussaintois,No Family,No Profession
37,3778,Courtesans,No Race,No Gender,No Nationality,No Family,No Profession
38,2403,Dandelion,Human,Male,Redanian,No Family,Bard
39,2483,Declan Leuvaarden,Human,Male,Alban,Leuvaarden family,Merchant
40,8043,Desperate father,No Race,No Gender,No Nationality,No Family,No Profession
41,8093,Desperate merchant,Human,Male,Temerian,No Family,Merchant
42,10776,Distressed nurse,Human,Female,No Nationality,No Family,Nurse
43,5060,Elder druid,Human,Male,Temerian,No Family,Druid
44,8581,Elven convict,No Race,No Gender,No Nationality,No Family,No Profession
45,7600,Elven craftsman,Elf,Male,No Nationality,No Family,Master craftsman
46,3787,Elves of Murky Waters,No Race,No Gender,No Nationality,No Family,No Profession
47,4763,Erkyn Blunt,Human,Male,Temerian,No Family,Knight
48,2801,Eskel,Human,Male,No Nationality,No Family,Witcher
49,5974,Fat Fred,No Race,No Gender,No Nationality,No Family,No Profession
50,6607,Fence,Human,Male,No Nationality,No Family,Merchant
51,2661,Ferryman,Human,Male,No Nationality,No Family,Ferryman
52,45858,Fisher King (lover of Lady of the Lake),Human,Male,No Nationality,No Family,Ferryman
53,4781,Fistfighters in The Witcher,No Race,No Gender,No Nationality,No Family,No Profession
54,1965,Foltest,Human,Male,Temerian,Temerian Dynasty,No Profession
55,39945,Franz Kniprode,Human,Male,Temerian,No Family,Mage
56,4647,Friendly vodyan priest,Vodyanoy,Male,No Nationality,No Family,Priest
57,3562,Gambling ghost,No Race,No Gender,No Nationality,No Family,No Profession
58,3557,Gardener,Human,Male,No Nationality,No Family,Mercenary
59,4780,Gellert Bleinheim,Human,Male,No Nationality,No Family,Drug lord
60,1801,Geralt of Rivia,Human,Male,No Nationality,No Family,Witcher
61,2493,Golan Vivaldi,Dwarf,Male,No Nationality,Vivaldi family,Bank
62,4477,Gramps,Human,Male,No Nationality,No Family,No Profession
63,4652,Grandma,Human,Female,No Nationality,No Family,No Profession
64,38055,Gravedigger (Vizima),No Race,No Gender,No Nationality,No Family,No Profession
65,8465,Greater cockatrice,No Race,No Gender,No Nationality,No Family,No Profession
66,2401,Half-elf,No Race,No Gender,No Nationality,No Family,No Profession
67,39948,Halfar,Human,Male,No Nationality,No Family,Bandit
68,2476,Haren Brogg,Human,Male,Temerian,No Family,fence
69,41050,Havekar,No Race,No Gender,No Nationality,No Family,No Profession
70,8040,Headhunter (person),No Race,No Gender,No Nationality,No Family,No Profession
71,72910,Herbalist,No Race,No Gender,No Nationality,No Family,No Profession
72,4093,Hermit,Human,Male,No Nationality,No Family,Druid
73,2660,Hierophant,Human,Male,Temerian,No Family,Druid
74,3941,Hildegard Zollstock,Human,Female,Temerian,No Family,No Profession
75,8050,Ida Vertz,No Race,No Gender,No Nationality,No Family,No Profession
76,3859,Ilsa,Human,Female,Temerian,No Family,No Profession
77,3495,Jacques de Aldersberg,Human,Male,Aedirnian,No Family,No Profession 
78,4534,Jean-Pierre,Human,Male,Toussaintois,No Family,No Profession
79,6499,Jester,No Race,No Gender,No Nationality,No Family,No Profession
80,2569,Jethro,Human,Male,Temerian,No Family,Jailer
81,10031,Juan Pablo Vassermiller,Human,Male,Ebbinger,No Family,No Profession
82,3506,Julian,Human,Male,Kovirian,No Family,Merchant
83,2486,Kalkstein,Human,Male,Temerian,No Family,Alchemist
84,2142,King of the Wild Hunt,Ghost,Male,No Nationality,No Family,No Profession
85,11132,Kingslayers,No Race,No Gender,No Nationality,No Family,No Profession
86,36400,Kobus de Vollen,Human,Male,Temerian,No Family,Palantine
87,10262,Kristina,Human,Female,No Nationality,No Family,No Profession
88,2492,Lady of the Lake (nymph),Nymph,Female,No Nationality,No Family,Goddess of chivalry
89,2802,Lambert,Human,Male,No Nationality,No Family,Witcher
90,2477,Leo,Human,Male,No Nationality,No Family,Witcher
91,3518,Lilly,No Race,No Gender,No Nationality,No Family,No Profession
92,5602,Lowlife,No Race,No Gender,No Nationality,No Family,No Profession
93,9787,Maggot,Human,Male,Temerian,No Family,No Profession
94,5889,Malcolm Stein,Dwarf,Male,No Nationality,No Family,Merchant
95,8049,Marcus Vertz,No Race,No Gender,No Nationality,No Family,No Profession
96,4585,Mason Harn,Human,Male,Temerian,No Family,Mason
97,2550,Meis,No Race,No Gender,No Nationality,No Family,No Profession
98,2149,Midday bride,No Race,No Gender,No Nationality,No Family,No Profession
99,3321,Mikul,Human,Male,Temerian,No Family,Guard
100,10261,Missing creatures,No Race,No Gender,No Nationality,No Family,No Profession
101,3521,Moa,No Race,No Gender,No Nationality,No Family,No Profession
102,2577,Morenn,Dryad,Female,Brokilonian,No Family,No Profession
103,4095,Munro Bruys,Dwarf,Male,Mahakaman,No Family,Soldier
104,4561,Murky Waters blacksmith,Human,Male,Temerian,No Family,Merchant
105,4586,Murky Waters healer,Human,Female,Temerian,No Family,Merchant
106,15807,Mysterious assassin,Human,Male,No Nationality,No Family,Witcher
107,7049,Mysterious man,Human,Male,No Nationality,No Family,No Profession
108,2878,Nadir,No Race,No Gender,No Nationality,No Family,No Profession
109,99049,Naiad (Murky Waters lakeside),Naiad,Female,No Nationality,No Family,No Profession
110,5755,Novice nun,Human,Female,No Nationality,No Family,Nurse
111,2485,Nurses,No Race,No Gender,No Nationality,No Family,No Profession
112,2480,Odo (merchant),Human,Male,No Nationality,No Family,Merchant
113,11235,Old brickmaker,Human,Male,Temerian,No Family,Brickmaker
114,8052,Order quartermaster,Human,Male,No Nationality,No Family,Merchant
115,5288,Ori Reuven,Human,Male,Redanian,No Family,Assistant
116,3860,Ozzrel,No Race,No Gender,No Nationality,No Family,No Profession
117,7591,Pat,Human,Male,Temerian,No Family,No Profession
118,2662,Patrick de Weyze,Human,Male,Temerian,No Family,Knight
119,3777,People of Murky Waters,No Race,No Gender,No Nationality,No Family,No Profession
120,2817,People of the Outskirts,No Race,No Gender,No Nationality,No Family,No Profession
121,4480,Philippa Eilhart,Human,Female,Redanian,No Family,Mage
122,3558,Poor townsfolk,No Race,No Gender,No Nationality,No Family,No Profession
123,4723,Prize-winning cow,No Race,Female,No Nationality,No Family,No Profession
124,3401,Professor (assassin),Human,Male,No Nationality,No Family,Assassin-for-hire
125,3486,Prostitute,No Race,No Gender,No Nationality,No Family,No Profession
126,2573,Queen of the Night,Bruxa,Female,No Nationality,No Family,Prostitute
127,4789,Radovid V,Human,Male,Redanian,Redanian Dynasty,No Profession
128,8038,Ramerot,Human,Male,Toussaintois,No Family,No Profession
129,2570,Ramsmeat,Human,Male,Temerian,No Family,Leader of Vizima's underground
130,11206,Raven,Human,Male,No Nationality,No Family,Witcher
131,2490,Rayla,Half-elf,Female,Lyrian,No Family,Mercenary
132,2571,Raymond Maarloeve,Human,Male,Temerian,No Family,Private investigator
133,2664,Ren Grouver,Dwarf,Male,No Nationality,No Family,Guerrilla fighter
134,8874,Resolute girl,Human,Female,Temerian,No Family,No Profession
135,2479,Reverend (Outskirts),Human,Male,No Nationality,No Family,Priest
136,5972,The Rock,No Race,No Gender,No Nationality,No Family,No Profession
137,2572,Roderick de Wett,Human,Male,Alban,de Wett family,Knight
138,4779,Roland Bleinheim,Human,Male,No Nationality,No Family,Drug lord
139,2668,Royal huntsman,Human,Male,Temerian,No Family,Huntsman
140,31635,Saint Gregory,Human,Male,No Nationality,No Family,No Profession
141,4314,Savolla,Human,Male,No Nationality,No Family,Mage
142,8313,Scoia'tael quartermaster,Dwarf,Male,No Nationality,No Family,Merchant
143,2407,Shani,Human,Female,Redanian,No Family,Medic
144,2481,Siegfried of Denesle,Human,Male,Redanian,No Family,Knight
145,8051,Swordsmith,No Race,No Gender,No Nationality,No Family,No Profession
146,3516,Teyu,Vodyanoy,Male,No Nationality,No Family,Priest
147,2482,Thaler (spy),Human,Male,Temerian,No Family,Spy
148,4463,The Witcher merchants,No Race,No Gender,No Nationality,No Family,No Profession
149,3512,Tobias Hoffman,Human,Male,Temerian,No Family,Murky Waters
150,16957,Torch Guardian,Human,Male,Temerian,No Family,Torch guardian
151,2437,Toruviel,Elf,Female,No Nationality,No Family,No Profession
152,3290,Townsfolk,No Race,No Gender,No Nationality,No Family,No Profession
153,8028,Trader,No Race,No Gender,No Nationality,No Family,No Profession
154,2035,Triss Merigold,Human,Female,Temerian,No Family,Mage
155,3517,Ureus,No Race,No Gender,No Nationality,No Family,No Profession
156,2576,Vaska,Human,Female,No Nationality,No Family,Merchant
157,2574,Velerad,Human,Male,Temerian,No Family,Vizima
158,8048,Vertz,Human,Female,Temerian,No Family,No Profession
159,2424,Vesemir,Human,Male,No Nationality,No Family,Witcher
160,2475,Vesna Hood,Human,Female,No Nationality,No Family,Waitress
161,3519,Vesper,No Race,No Gender,No Nationality,No Family,No Profession
162,2158,Vetala,No Race,No Gender,No Nationality,No Family,No Profession
163,2484,Vincent Meis,Human,Male,Temerian,No Family,Guard
164,3520,Voref,No Race,No Gender,No Nationality,No Family,No Profession
165,6500,Waitresses,No Race,No Gender,No Nationality,No Family,No Profession
166,2489,Yaevinn,Elf,Male,No Nationality,No Family,No Profession
167,66782,Yamo Ryeboozer,Human,Male,No Nationality,No Family,No Profession
168,4504,Yaren Bolt,Dwarf,Male,No Nationality,No Family,Lumberjack
169,4502,Zahin Schmartz,Dwarf,Male,No Nationality,No Family,Dentist
170,5975,Zdenek,Human,Male,Temerian,No Family,Fistfighters
171,4032,Zephyr,No Race,Male,No Nationality,No Family,No Profession
172,2408,Zoltan Chivay,Dwarf,Male,Mahakaman,No Family,No Profession
173,14238,The Witcher 2 merchants,No Race,No Gender,No Nationality,No Family,No Profession
174,35920,Abelard of Hagge,Human,Male,Aedirnian,No Family,Mage
175,16759,Adalbert (Nilfgaardian sorcerer),Human,Male,Nilfgaardian,No Family,Mage
176,9584,Adam Pangratt,Human,Male,No Nationality,No Family,Mercenary
177,16120,Adrianna,Human,Female,No Nationality,No Family,Mage
178,16811,Aep Dearhenna,Human,Male,No Nationality,No Family,Mage
179,35912,Allgood,Human,Male,Aedirnian,No Family,Fist fighter
180,9775,Anaïs La Valette,Human,Female,Temerian,House of La Valette,No Profession
181,12799,Anezka,Human,Female,Temerian,No Family,Merchant
182,40362,Anselm of Aedirn,Human,Male,Aedirnian,No Family,Royal Guard
183,98046,Archpriest (Monastery),Human,Male,Temerian,No Family,Priest
184,72260,Arnesse,Human,Female,Temerian,No Family,Prostitute
185,15321,Arnolt Malliger,Human,Male,Kaedwenian,No Family,Spy
186,72247,Arseleta,Human,Female,Kaedwenian,No Family,Prostitute
187,3669,Arthur Tailles,Human,Male,Temerian,No Family,Knight
188,11789,Aryan La Valette,Human,Male,Temerian,House of La Valette,Knight
189,4833,Assire var Anahid,Human,Female,Vicovarian,var Anahid family,Mage
190,13262,Auckes,Human,Male,No Nationality,No Family,Witcher
191,12990,Baltimore,Dwarf,Male,No Nationality,No Family,No Profession
192,15306,Bartholomew Bargee,Human,Male,Temerian,No Family,No Profession
193,11795,Bernard Loredo,Human,Male,Temerian,No Family,Commandant
194,14728,Berthold Candeleria,Dwarf,Male,Temerian,No Family,Merchant
195,72245,Big Bust Miriam,Human,Female,Kaedwenian,No Family,Prostitute
196,72242,Birdie,Human,Female,Kaedwenian,No Family,Prostitute
197,16096,Bolton of Ironford,Human,Male,No Nationality,No Family,Knight
198,9774,Boussy La Valette,Human,Male,Temerian,House of La Valette,No Profession
199,12993,Bras of Ban Ard,Human,Male,Kaedwenian,No Family,Mage
200,16706,Brigida Papebrock,Human,Female,Temerian,Papebrock family,Informant
201,16331,Burton,Human,Male,Kaedwenian,No Family,Soldier
202,9342,Carduin,Human,Male,Kovirian,No Family,Mage
203,12550,Cecil Burdon,Dwarf,Male,No Nationality,Skalen Burdon,Alderman
204,12420,Cedric (elf),Elf,Male,No Nationality,No Family,Merchant
205,12445,Chorab,Human,Male,Temerian,No Family,Village Elder
206,13006,Ciaran aep Easnillen,Elf,Male,No Nationality,No Family,Soldier
207,15255,Clovisse Merse,Human,Female,No Nationality,No Family,No Profession
208,37172,Count Felart,Human,Male,Aedirnian,No Family,Nobleman
209,14903,Count Tybalt (knight),Human,Male,No Nationality,No Family,Knight
210,14233,Craftsman,No Race,No Gender,No Nationality,No Family,No Profession
211,9025,Crinfrid Reavers,No Race,No Gender,No Nationality,No Family,No Profession
212,12886,Cynthia,Human,Female,Alban,No Family,Mage
213,35976,Dagonet,Human,Male,Aedirnian,No Family,Court jester
214,16496,Dalum,Human,Male,No Nationality,No Family,Merchant
215,7587,Demavend III,Human,Male,Aedirnian,Aedirnian Dynasty,No Profession
216,12820,Derae,Elf,Female,No Nationality,No Family,Prostitute
217,9571,Detmold,Human,Male,Kovirian,No Family,Mage
218,13076,Dmitri,Human,Male,No Nationality,No Family,Bandit
219,16117,Dragan,Human,Male,No Nationality,No Family,Merchant
220,12913,Earso,Human,Male,No Nationality,No Family,Merchant
221,13640,Edwin Leistham,Human,Male,Kaedwenian,No Family,No Profession
222,12415,Einar Gausel,Dwarf,Male,No Nationality,No Family,Merchant
223,103230,Ekhart Henessy,Human,Male,Kaedwenian,No Family,Soldier
224,13260,Ele'yas,Elf,Male,No Nationality,No Family,Soldier
225,15462,Elthon,Human,Male,No Nationality,No Family,Feather collector
226,15429,Elven prisoner,Elf,Male,No Nationality,No Family,No Profession
227,15239,Enzo Etcheverry,Human,Male,Temerian,No Family,No Profession
228,9796,Eredin Bréacc Glas,Elf,Male,No Nationality,No Family,No Profession
229,12818,Falas,Human,Male,No Nationality,No Family,Merchant
230,16876,Farid,Human,Male,No Nationality,No Family,Alchemist
231,14344,Felicia Cori,Human,Female,No Nationality,No Family,Mage
232,41267,Felix Favela,Dwarf,Male,No Nationality,No Family,Merchant
233,15874,Fenn (commando),Human,Male,Temerian,No Family,No Profession
234,16062,Finch,Human,Male,Temerian,No Family,Soldier
235,12408,Fioravanti,Human,Male,No Nationality,No Family,Merchant
236,44184,Gar,Human,Male,Crinfrider,No Family,Mercenary
237,16875,Gaspar,Human,Male,No Nationality,No Family,Alchemist
238,15948,Gavrilo,Human,Male,Kaedwenian,No Family,Soldier
239,14497,Gridley,Human,Male,Aedirnian,No Family,Medic
240,16770,Guard (mage),Vran,Male,No Nationality,No Family,Mage
241,37287,Gus of Tretogor,Human,Male,Redanian,No Family,Mage
242,15357,Haggard,Dwarf,Male,No Nationality,No Family,Merchant
243,16118,Harald Gord,Dwarf,Male,Mahakaman,No Family,Mercenary
244,35974,Harmond,Human,Male,Aedirnian,No Family,Court jester
245,5201,Henselt,Human,Male,Kaedwenian,Dynasty of the Unicorn,No Profession
246,35747,Hieronymus Lash,No Race,Male,No Nationality,No Family,Mage
247,35916,Himsbach,Human,Male,Aedirnian,No Family,Royal Guard
248,15915,Igo,Human,Male,Temerian,No Family,Soldier
249,16079,Igor Vivaldi,Dwarf,Male,No Nationality,Vivaldi family,Bank
250,12816,Ilona,Elf,Female,No Nationality,No Family,Merchant
251,9576,Iorweth,Elf,Male,No Nationality,No Family,Guerrilla fighter
252,14753,Isidor Kay,Dwarf,Male,No Nationality,No Family,Merchant
253,8123,Jan Natalis,Human,Male,Temerian,No Family,Soldier
254,72262,Julia (prostitute),Human,Female,Temerian,No Family,Prostitute
255,15613,Kalten,Human,Male,No Nationality,No Family,No Profession
256,9350,Kennet,Human,Male,Crinfrider,No Family,Mercenary
257,14546,King Ziggy,Human,No Gender,No Nationality,No Family,Fistfight organizer
258,14607,Lasota,Human,Male,Kaedwenian,No Family,Merchant
259,15409,Letande Avet,Human,Male,Cidarian,No Family,No Profession
260,12220,Letho,Human,Male,No Nationality,No Family,Witcher
261,72235,Licking Lucy,Human,Female,Kaedwenian,No Family,Prostitute
262,16795,Linus Maravel,Human,Male,Temerian,No Family,No Profession
263,14338,Liva,Human,Female,No Nationality,No Family,Medic
264,12797,Louis Merse,Human,Male,Temerian,No Family,Flotsam
265,15389,Madame Carole,Human,Female,No Nationality,No Family,Kaedweni brothel
266,12807,Mael,Elf,Male,No Nationality,No Family,Merchant
267,15413,Magnus,Human,Male,No Nationality,No Family,Blacksmith
268,12435,Malena,Elf,Female,No Nationality,No Family,Soldier
269,14783,Malget,No Race,No Gender,No Nationality,No Family,No Profession
270,13450,Manfred (soldier),Human,Male,Kaedwenian,No Family,Soldier
271,16089,Mantas Birut,Dwarf,Male,No Nationality,No Family,No Profession
272,12814,Marcus,Human,Male,No Nationality,No Family,Merchant
273,12343,Margot,Human,Female,No Nationality,No Family,Madame
274,9773,Maria Louisa La Valette,Human,Female,No Nationality,House of La Valette,No Profession
275,12897,Marietta Loredo,Human,Female,Temerian,No Family,Fisstech
276,16330,Matilda Szabo,Human,Female,Temerian,No Family,No Profession
277,13447,Mavrick,Human,Male,Kaedwenian,No Family,Soldier
278,13443,Moril,Elf,Female,No Nationality,No Family,No Profession
279,14190,Mottle,Elf,Female,No Nationality,No Family,Merchant
280,12710,Myron,Human,Male,Kaedwenian,No Family,Merchant
281,14757,Mysterious merchant,No Race,No Gender,No Nationality,No Family,No Profession
282,14150,Newboy,Human,Male,Temerian,No Family,Mercenary
283,104008,Nilfgaardian's wraith,Human,Male,Nilfgaardian,No Family,Soldier
284,35895,Norman Sador,Human,Male,Temerian,No Family,Crossbowman
285,13082,Odrin,Human,Male,Kaedwenian,No Family,Soldier
286,88187,Ogden,Dwarf,Male,No Nationality,No Family,Funder
287,13084,Olcan,No Race,No Gender,Aedirnian,No Family,No Profession
288,12668,Operator,Vran,Male,No Nationality,No Family,Mage
289,15914,Oven,Human,Male,Temerian,No Family,Soldier
290,13139,Penitent Monk,Human,Male,No Nationality,No Family,Monk
291,13441,Polycarp of Rinde,Human,Male,Redanian,No Family,Knight
292,14331,Proximo,Human,Male,No Nationality,No Family,Arena master
293,16791,Ravanen Kimbolt,Human,Male,Temerian,No Family,No Profession
294,14749,Raymond Gessler,Dwarf,Male,No Nationality,No Family,No Profession
295,14759,Relic peddler,Human,Male,Kaedwenian,No Family,Merchant
296,13439,Renuald aep Matsen,Human,Male,Alban,No Family,Soldier
297,4935,Roach,No Race,Female,No Nationality,No Family,No Profession
298,52779,Roderick of Daevon,Human,Male,Kaedwenian,No Family,Knight
299,14500,Rupert Brandhuber,Human,Male,Aedirnian,No Family,Medic
300,3868,Sabrina Glevissig,Human,Female,Kaedwenian,No Family,Mage
301,12950,Saesenthessis,Dragon,Female,Aedirnian,No Family,Soldier
302,14342,Sambor,Human,Male,No Nationality,No Family,Merchant
303,15417,Seherim,Elf,Male,No Nationality,No Family,No Profession
304,15193,Seltkirk,Human,Male,Aedirnian,No Family,Knight
305,35914,Semko,Human,Male,Aedirnian,No Family,Fist fighter
306,12443,Sendler,Human,Male,No Nationality,No Family,Tanner
307,13267,Serrit,Human,Male,No Nationality,No Family,Witcher
308,35858,Seuxen,Human,Male,Temerian,No Family,Soldier
309,13063,She-troll of Vergen,Troll,Female,No Nationality,No Family,No Profession
310,25019,Sheala de Tancarville,Human,Female,Creydener,No Family,Mage
311,9449,Sheldon Skaggs,Dwarf,Male,Mahakaman,No Family,Warrior
312,15913,Sheridan,Human,Male,Temerian,No Family,Soldier
313,9503,Shilard Fitz-Oesterlen,Human,Male,Alban,Fitz-Oesterlen family,Ambassador
314,16063,Shorty,Human,Male,Temerian,No Family,Soldier
315,15912,Silas,Human,Male,Temerian,No Family,Soldier
316,14927,Silgrat,Human,Male,Aedirnian,No Family,No Profession
317,12864,Skalen Burdon,Dwarf,Male,No Nationality,Cecil Burdon,Arm wrestler
318,15508,Spark,Elf,Female,No Nationality,No Family,Merchant
319,13143,Stennis,Human,Male,Aedirnian,Aedirnian Dynasty,No Profession
320,57686,Succubus (Vergen),Succubus,Female,No Nationality,No Family,No Profession
321,40229,Sven (Manfred's son),Human,Male,Kaedwenian,No Family,Soldier
322,35860,Swann,Human,Male,Temerian,No Family,Knight
323,16808,Talking Golem,No Race,No Gender,No Nationality,No Family,Guard
324,12812,The Incredible Lockhart,Human,Male,No Nationality,No Family,Merchant
325,12804,The Mighty Numa,Human,Male,No Nationality,No Family,Arm wrestler
326,15872,Thirteen,Human,Male,Temerian,No Family,Knight
327,12892,Thorak,No Race,No Gender,No Nationality,No Family,Runesmith
328,12866,Troll of Flotsam,Troll,Male,No Nationality,No Family,No Profession
329,13060,Troll of Vergen,Troll,Male,No Nationality,No Family,No Profession
330,17992,Tybalt of Vengerberg,Human,Male,Aedirnian,No Family,Archer
331,15667,Vandergrift,Human,Male,Kaedwenian,No Family,Soldier
332,13847,Vanhemar,Human,Male,Alban,No Family,Mage
333,15257,Vencel Pugg,Human,Male,No Nationality,No Family,Alchemist
334,11456,Vernon Roche,Human,Male,Temerian,No Family,Soldier
335,12262,Ves,Human,Female,Temerian,No Family,Soldier
336,15510,Vilmos Bartok,Human,Male,No Nationality,No Family,Merchant
337,16119,Vincent Molnar,Human,Male,No Nationality,No Family,Knight
338,12985,Vinson Traut,Human,Male,Kaedwenian,No Family,No Profession
339,14340,Visionary,Human,Male,No Nationality,No Family,No Profession
340,37458,Whistling Wendy,Human,Female,Kaedwenian,No Family,Prostitute
341,88189,Willy Oblate,Human,Male,Aedirnian,No Family,Servant
342,4604,Yarpen Zigrin,Dwarf,Male,Mahakaman,Clan Zigrin,Soldier
343,2007,Yennefer of Vengerberg,Quarter-elf,Female,Aedirnian,No Family,Mage
344,64810,Zindrab,Human,Male,No Nationality,No Family,Dice poker
345,9748,Zyvik,Human,Male,Kaedwenian,No Family,Soldier
346,88190,File:Tw2 Willy Oblate.jpeg,No Race,No Gender,No Nationality,No Family,No Profession
347,72448,Gwent players,No Race,No Gender,No Nationality,No Family,No Profession
348,36469,Abbé Faria,Human,Male,Redanian,No Family,Herbalist
349,73979,Abelard Rizza,Human,Male,Redanian,No Family,Actor
350,73071,Aegar,Elf,Male,No Nationality,No Family,Circus performer
351,72208,Agda,Human,Female,Skelliger,No Family,No Profession
352,42730,Agneta,Human,Female,Temerian,No Family,No Profession
353,38102,Aki II,Human,Male,Skelliger,Clan Brokvar,No Profession
354,34770,Albert Vegelbud,Human,Male,Redanian,Vegelbud family,Amateur alchemist
355,43323,Albin Hart,Human,Male,No Nationality,No Family,No Profession
356,72721,Alchemist (Crematory),Human,Male,Redanian,No Family,Mage
357,32177,Aldert Geert,Human,Male,Redanian,No Family,Assistant professor
358,43558,Alexander,Human,Male,No Nationality,No Family,Mage
359,31185,Allgod,Sylvan,Male,No Nationality,No Family,Self-appointed god
360,70351,Ambros,Human,Male,Temerian,No Family,No Profession
361,88252,Amos var Ypsis,No Race,Male,No Nationality,No Family,Mage
362,72270,Amrynn,Elf,Female,No Nationality,No Family,Prostitute
363,31899,Anabelle,Human,Female,Temerian,No Family,No Profession
364,41769,Anisse,Human,Female,No Nationality,No Family,Mage
365,23959,Anna Strenger,Human,Female,Temerian,No Family,No Profession
366,40382,Anselm (merchant),Human,Male,Redanian,No Family,Merchant
367,74522,Archibald O'Neill,Human,Male,No Nationality,No Family,Fistfighter
368,38475,Armorer (Hierarch Square),Human,Male,Redanian,No Family,Armorer
369,72118,Armorer (Kaer Muire),Human,Male,Skelliger,No Family,Armorer
370,61682,Armorer (Kaer Trolde keep),Human,Male,Skelliger,Clan an Craite,Armorer
371,67011,Armorer (Larvik),Human,Male,Skelliger,No Family,Armorer
372,38345,Armorer (Midcopse),Human,Male,Temerian,No Family,Armorer
373,38477,Armorer (Oxenfurt),Human,Male,Redanian,No Family,Armorer
374,72111,Armorer (Urialla Harbor),Human,Male,Skelliger,No Family,Armorer
375,43471,Arnout Vester,Human,Male,Nilfgaardian,No Family,Bounty hunter
376,46352,Arnvald,Human,Male,Skelliger,No Family,Seneschal
377,38635,Artis,Human,Male,Skelliger,No Family,Druid
378,68867,Astrid (Skjall's sister),Human,Female,Skelliger,Clan Heymaey,No Profession
379,54652,Astrid the Vipress,Human,Female,Skelliger,No Family,No Profession
380,60695,Athak Akydalv,Rock troll,Male,Skelliger,No Family,Fist fighter
381,9185,Auberon Muircetach,Elf,Male,No Nationality,No Family,No Profession
382,9305,Avallac'h,Elf,Male,No Nationality,No Family,No Profession
383,51405,Axel an Tordarroch,Human,Male,Skelliger,Clan Tordarroch,Warrior
384,44000,Aynara,Human,Female,Temerian,No Family,No Profession
385,44433,Barber (Claywich),Human,Male,Temerian,No Family,Barber
386,73638,Barber (Gildorf),Human,Male,Redanian,No Family,Barber
387,44439,Barber (Oxenfurt),Human,Male,Redanian,No Family,Barber
388,44435,Barber (Svorlag),Human,Male,Skelliger,No Family,Barber
389,73642,Barber (The Bits),Human,Male,Redanian,No Family,Barber
390,31498,Bart,Rock troll,Male,Zerrikanian,No Family,Count Reuven's Treasure
391,65113,Barylka,Dog,No Gender,No Nationality,No Family,No Profession
392,69632,Bastien Vildenvert,Human,Male,Temerian,No Family,Soldier
393,50899,Bea,Human,Female,Redanian,No Family,Barmaid
394,75874,Beast Tamer,Human,Male,Redanian,No Family,No Profession
395,77622,Berem,Human,Male,Temerian,No Family,No Profession
396,36165,Bernard Tulle,Halfling,Male,No Nationality,No Family,Merchant
397,50701,Bertha,Human,Female,No Nationality,No Family,Prostitute
398,41770,Berthold,Human,Male,No Nationality,No Family,Alchemist
399,51502,Bertram (peasant),Human,Male,Redanian,No Family,No Profession
400,28394,Birna,Human,Female,Skelliger,Clan Tuirseach,No Profession 
401,51579,Bjern,Human,Male,Skelliger,No Family,Fisherman
402,43016,Bjorg,Human,Male,Skelliger,No Family,Master shipwright
403,43283,Black Bogdan,Human,Male,Temerian,No Family,Horse
404,72800,Blacksmith (Bald Mountain),Human,Male,Temerian,No Family,Blacksmith
405,41353,Blacksmith (Blackbough),Human,Male,Temerian,No Family,Blacksmith
406,41345,Blacksmith (Fayrlund),Human,Male,Skelliger,No Family,Blacksmith
407,72494,Blacksmith (Harviken),Human,Male,Skelliger,No Family,Blacksmith
408,72798,Blacksmith (Larvik),Human,Male,Skelliger,No Family,Blacksmith
409,40024,Blacksmith (Lindenvale),Human,Male,Temerian,No Family,Blacksmith
410,41333,Blacksmith (Novigrad),Human,Male,Redanian,No Family,Blacksmith
411,41359,Blacksmith (Oreton),Human,Male,Temerian,No Family,Blacksmith
412,41340,Blacksmith (Oxenfurt),Human,Male,Redanian,No Family,Blacksmith
413,71763,Blacksmith (Silverton),Human,Male,Redanian,No Family,Blacksmith
414,41369,Blacksmith (Urialla Harbor),Human,Male,Skelliger,No Family,Blacksmith
415,72203,Boatwright,Human,Male,Temerian,No Family,Boatwright
416,42733,Bolko,Human,Male,Temerian,No Family,Ealdorman
417,40208,Boris (bear),Bear,Male,No Nationality,No Family,No Profession
418,40209,Boris (troll),Rock troll,Male,No Nationality,No Family,No Profession
419,29854,Bram,Human,Male,Temerian,No Family,Merchant
420,8702,Bran Tuirseach,Human,Male,Skelliger,Clan Tuirseach,No Profession
421,41527,Bran's unidentified concubine,Human,Female,Skelliger,No Family,No Profession 
422,61300,Brean Hotsch,Halfling,Male,No Nationality,No Family,Lumberjack
423,38655,Brewess,Relict,Female,No Nationality,No Family,Witch
424,51232,Bruno,Human,Male,Temerian,No Family,No Profession
425,42947,Bytomir,Human,Male,Temerian,No Family,No Profession
426,40111,Caesar Bilzen,Dwarf,Male,Novigradian,No Family,Accountant
427,29718,Caleb Menge,Human,Male,Novigradian,No Family,Witch hunter
428,43665,Captain Liglad,Human,Male,No Nationality,No Family,Ship captain
429,43663,Captain Wolverstone,Human,Male,No Nationality,No Family,Ship captain
430,22966,Caranthir Ar-Feiniel,Elf,Male,No Nationality,No Family,Navigator
431,38138,Carlo Rycher,Human,Male,Redanian,No Family,Merchant
432,23910,Carlo Varese,Dwarf,Male,Novigradian,No Family,Crime boss
433,9475,Carthia van Canten,Human,Female,Nilfgaardian,No Family,Spy
434,37408,Caspar,Human,Male,Redanian,No Family,Soldier
435,26056,Cerys an Craite,Human,Female,Skelliger,Clan an Craite,No Profession
436,8975,Chappelle,Human,Male,Redanian,No Family,No Profession
437,44023,Chet,Human,Male,Temerian,No Family,No Profession
438,2754,Ciri,Human,Female,Cintran,House of Raven,Imperator Empress of Nilfgaard
439,72228,Claer,Human,Female,Temerian,No Family,No Profession
440,38901,Cledwyn,Human,Male,Nilfgaardian,No Family,Barber
441,25240,Corinne Tilly,Human,Female,No Nationality,No Family,Oneiromancer
442,37553,Count de Luverten,Human,Male,Ebbinger,No Family,No Profession
443,36186,Count Tybalt (Novigrad),Human,Male,Redanian,No Family,No Profession
444,3573,Crach an Craite,Human,Male,Skelliger,Clan an Craite,No Profession
445,21014,Crones,No Race,No Gender,No Nationality,No Family,No Profession
446,29404,Cyprian Wiley,Human,Male,Novigradian,No Family,Crime boss
447,9572,Cyrus Engelkind Hemmelfart,Human,Male,No Nationality,No Family,Priest
448,43451,Dagmar,Human,Male,Temerian,No Family,No Profession
449,37396,Damiaan,Human,Male,Redanian,No Family,Soldier
450,37295,Dea,No Race,Female,Temerian,No Family,No Profession
451,38643,Dieter,Human,Male,Temerian,No Family,Servant
452,43440,Dilvyn,Human,Male,Nilfgaardian,No Family,Soldier
453,37533,Dirk,Human,Male,Novigradian,No Family,Torturer
454,18736,Djenge Frett,Human,Male,Skelliger,No Family,Bounty hunter
455,35119,Dolores Reardon,Human,Female,Temerian,No Family,No Profession
456,31462,Donar an Hindar,Human,Male,Skelliger,Clan an Hindar,No Profession
457,77732,Dragomir (The Witcher 3),Human,Male,No Nationality,No Family,Spy
458,3578,Draig Bon-Dhu,Human,Male,Skelliger,No Family,Skald
459,3577,Drogodar,Human,Male,Cintran,No Family,Bard
460,69526,Dromle,Human,Male,Temerian,No Family,No Profession 
461,7578,Dudu,Doppler,Male,No Nationality,Biberveldt family,Businessman
462,38312,Duke (gangster),Human,Male,Redanian,No Family,Crime boss
463,69553,Dune Vildenvert,Human,Male,temerian,No Family,No Profession
464,73031,Durden,Elf,Male,No Nationality,No Family,Fistfighter
465,44034,Ealdorman (Downwarren),Human,Male,Temerian,No Family,Ealdorman
466,38777,Ealdorman (White Orchard),Human,Male,Temerian,No Family,Ealdorman
467,38316,Earl (gangster),Human,Male,Redanian,No Family,No Profession
468,36314,Edna var Attre,Human,Female,Attrean,Attre ruling houses|var Attre family,No Profession
469,37392,Egbert,Human,Male,Redanian,No Family,Guard
470,51583,Egill,Human,Male,Skelliger,No Family,Druid
471,41176,Éibhear Hattori,Elf,Male,No Nationality,No Family,Blacksmith
472,42110,Einar (Harviken),Human,Male,Skelliger,No Family,No Profession
473,51560,Einar (Larvik),Human,Male,Skelliger,No Family,Pirate
474,21061,Elihal,Elf,Male,No Nationality,No Family,Tailor
475,29932,Elsa,Human,Female,Temerian,No Family,Innkeeper
476,3313,Emhyr var Emreis,Human,Male,Alban,House of Emreis,No Profession
477,94069,Ernst van Hoorn,Human,Male,No Nationality,No Family,Swordsmith
478,51556,Eryka,Human,Female,Skelliger,No Family,No Profession
479,51521,Evald,Human,Male,Skelliger,No Family,No Profession
480,54385,Eyvind,Human,Male,Skelliger,No Family,Skald
481,72322,Fabian Meyer,Dwarf,Male,Mahakaman,No Family,Woodcarver
482,36201,Felix Grubb,Human,Male,Redanian,No Family,Soldier
483,35360,Fergus Graem,Dwarf,Male,No Nationality,No Family,Armorer
484,36167,Finneas,Half-elf,Male,No Nationality,No Family,No Profession
485,46354,Folan,Human,Male,Skelliger,Clan Tuirseach,Warrior
486,52313,Folmer,Human,Male,Skelliger,No Family,Warrior
487,23591,Francis Bedlam,Human,Male,Novigradian,No Family,Crime lord
488,37413,Freek,Human,Male,Redanian,No Family,Soldier
489,38753,Freya Priestess,Human,Female,Skelliger,No Family,Priest
490,4835,Fringilla Vigo,Human,Female,Toussaintois,No Family,Mage
491,38650,Fritjof,Human,Male,Skelliger,No Family,Vaedermakar
492,40297,Fugas,Sylvan,Male,No Nationality,No Family,No Profession
493,27833,Gaetan,Human,Male,No Nationality,No Family,Witcher
494,73099,Gascoigne,Human,Male,No Nationality,No Family,Bard
495,72324,Gaspard,Dwarf,Male,Mahakaman,No Family,Real estate
496,19053,Gaunter O'Dimm,No Race,Male,No Nationality,No Family,No Profession 
497,21065,Ge'els,Elf,Male,No Nationality,No Family,Viceroy
498,44002,Genny,Human,Male,Temerian,No Family,No Profession
499,74521,Georgius Georg,Human,Male,No Nationality,No Family,Fistfighter
500,60212,Gerd (peasant),Human,Male,Redanian,No Family,No Profession
501,43405,Gert Borel,Human,Male,Temerian,No Family,Corpse collector
502,38041,Gilbert Witschke,Human,Male,Redanian,No Family,Soldier
503,60211,Ginter de Lavirac,Human,Male,No Nationality,No Family,Fisstech
504,18737,Gjarr,Human,Male,Skelliger,No Family,Village Elder
505,70146,Glenna,Human,Female,Temerian,No Family,Meat seller
506,85905,Gomo Seeling,Human,Male,Redanian,No Family,No Profession
507,51504,Gottard,Human,Male,Redanian,No Family,Peasant
508,31456,Graden,Human,Male,Redanian,No Family,Witch hunter
509,46357,Graham,Human,Male,Temerian,No Family,Fisherman
510,23964,Gran,Human,Female,Temerian,No Family,Carer
511,38053,Gravedigger (Lindenvale),Human,Male,Temerian,No Family,Gravedigger
512,37225,Gregor,Human,Male,Redanian,No Family,Soldier
513,32134,Gremist,Human,Male,Skelliger,No Family,Druid
514,29317,Gretka,Human,Female,Temerian,No Family,Kitchen helper
515,73033,Grim,Human,Male,Skelliger,No Family,Lumberjack
516,43904,Griswold,Human,Male,Redanian,No Family,Merchant
517,18738,Grossbart Brothers,Human,Male,Skelliger,No Family,Bandit
518,74766,Gus Meyer,Dwarf,Male,Mahakaman,No Family,Woodcarver
519,74124,Gustav Roene,Human,Male,No Nationality,No Family,Arena fighter
520,42735,Haddy,Human,Male,Temerian,No Family,No Profession
521,73130,Hal,Human,Male,Metinnese,No Family,Fistfighter
522,46359,Halbjorn,Human,Male,Skelliger,Clan Dimun,Warrior
523,28487,Hammond,Human,Male,Skelliger,No Family,Slaver
524,34347,Hanna,Human,Female,Temerian,No Family,No Profession
525,37100,Hans of Cidaris,Human,Male,Cidarian,No Family,Mercenary
526,66696,Happen the Eunuch,Human,Male,No Nationality,No Family,Bookkeeper
527,38145,Harald (Fayrlund),Human,Male,Skelliger,No Family,Ealdorman
528,31981,Harald an Tordarroch,Human,Male,Skelliger,Clan Tordarroch,No Profession
529,38143,Harald Featherbuns,Human,Male,Redanian,No Family,No Profession
530,49176,Harmon aep Groenekan,Human,Male,Alban,No Family,Commander
531,35599,Havart var Moehoen,Human,Male,Alban,No Family,Soldier
532,30917,Hegel Grossbart,No Race,No Gender,No Nationality,No Family,No Profession
533,42813,Helma,Human,Female,Redanian,No Family,No Profession
534,27540,Hendrik,Human,Male,Nilfgaardian,No Family,Merchant
535,37555,Henri Rautlec,Halfling,Male,Redanian,No Family,Artist
536,24655,Henry var Attre,Human,Male,Attrean,Attre ruling houses|var Attre family,No Profession
537,72500,Herbalist (campsite),Human,Male,Temerian,No Family,Herbalist
538,77555,Herbalist (Cunny of the Goose),Human,Male,Redanian,No Family,Herbalist
539,43145,Herbalist (Glory Lane),Halfling,Male,No Nationality,No Family,Herbalist
540,116172,Herbalist (Hierarch Square),Human,Male,No Nationality,No Family,Herbalist
541,43153,Herbalist (Kaer Trolde),Human,Male,Skelliger,No Family,Herbalist
542,73470,Herbalist (Kvalheim Isle),Human,Male,Skelliger,No Family,Herbalist
543,42967,Herbalist (Liberated camp),Human,Male,No Nationality,No Family,Lurtch
544,71258,Herbalist (Refugees' Camp),Human,Male,Temerian,No Family,Herbalist
545,42960,Herbalist (Shrine),Human,Male,Temerian,No Family,Herbalist
546,81603,Herbalist (Spitfire Bluff),Human,Male,Temerian,No Family,Merchant
547,28048,Herevard II,Human,Male,Temerian,No Family,No Profession
548,10409,Hjalmar an Craite,Human,Male,Skelliger,Clan an Craite,No Profession
549,30577,Hjort,Human,Male,Skelliger,No Family,Druid
550,31464,Holger Blackhand,Human,Male,Skelliger,Clan Dimun,No Profession
551,40546,Holofernes Meiersdorf,Halfling,Male,No Nationality,No Family,Miller
552,35896,Hortensio,Human,Male,Temerian,No Family,Soldier
553,76039,Hrodeberth,Human,Male,Nazairi,No Family,Soldier
554,40105,Hubert Rejk,Higher vampire,Male,No Nationality,No Family,Coroner
555,37381,Hubrecht,Human,Male,Redanian,No Family,Witch hunter
556,40015,Hunter (Lindenvale),Human,Male,Temerian,No Family,Hunter
557,65013,Hussar,Dog,Male,No Nationality,No Family,No Profession
558,4836,Ida Emean aep Sivney,Elf,Female,No Nationality,No Family,Mage
559,77519,Igor (Fools' Gold),Human,Male,Temerian,No Family,Herbalist
560,38260,Igor de Sade,Human,Male,Kaedwenian,No Family,Mage
561,40207,Igor the Hook,Human,Male,Novigradian,No Family,No Profession
562,41532,Ilge,Human,Male,Skelliger,No Family,Innkeeper
563,22833,Imlerith,Elf,Male,No Nationality,No Family,Commander
564,34774,Ingrid Vegelbud,Human,Female,No Nationality,Vegelbud family,No Profession
565,72577,Innkeep (Cunny of the Goose),Human,Male,Redanian,No Family,Innkeeper
566,40948,Innkeep (Harviken),Human,Male,Skelliger,No Family,Innkeeper
567,67722,Innkeep (Inn at the Crossroads),Human,Male,Temerian,No Family,Innkeeper
568,73038,Innkeep (Larvik),Human,Male,Skelliger,No Family,Innkeeper
569,39966,Innkeep (Lindenvale),Human,Male,Temerian,No Family,Innkeeper
570,73977,Innkeep (Rosemary and Thyme),Human,Male,No Nationality,No Family,Innkeeper
571,72585,Innkeep (Seven Cats Inn),Human,Female,Redanian,No Family,Innkeeper
572,41542,Innkeep (Svorlag),Human,Male,Skelliger,No Family,Innkeeper
573,72594,Innkeep (The Golden Sturgeon),Human,Male,Redanian,No Family,Innkeeper
574,73975,Innkeep (The Kingfisher),Human,Male,Redanian,No Family,Innkeeper
575,72579,Innkeep (The Nowhere Inn),Human,Female,Redanian,No Family,Innkeeper
576,73040,Innkeep (Urialla Harbor),Human,Male,Skelliger,No Family,Innkeeper
577,46361,Irina Renarde,Human,Female,No Nationality,No Family,Actress
578,38049,Iron Mortimer,Human,Male,Redanian,No Family,Soldier
579,40123,Iron-Arse Hans,Human,Male,Temerian,No Family,Horse racer
580,92325,Ivar,Human,Male,Skelliger,No Family,No Profession
581,27825,Jad Karadin,Human,Male,No Nationality,No Family,Witcher
582,10068,Janne,No Race,No Gender,No Nationality,No Family,No Profession
583,30918,Jesse Grossbart,No Race,No Gender,No Nationality,No Family,No Profession
584,24782,"Jesse, Joe and Dodger",No Race,No Gender,No Nationality,No Family,No Profession
585,29633,Joachim von Gratz,Human,Male,Redanian,No Family,Chief Surgeon
586,27329,John Geermer,Human,Male,Temerian,No Family,Temeria
587,29147,John Verdun,Human,Male,Temerian,No Family,Soldier
588,20844,Johnny,Godling,Male,No Nationality,No Family,No Profession
589,43899,Jonah,Human,Male,Temerian,No Family,No Profession
590,38804,Jonas the Innkeep,Human,Male,Skelliger,No Family,Innkeeper
591,72148,Jonna,Human,Female,Skelliger,No Family,Herbalist
592,41393,Jorulf the Wolverine,Human,Male,Skelliger,No Family,Warrior
593,40241,Josta,Human,Female,Skelliger,No Family,Priest
594,37404,Jouke,Human,Male,Redanian,No Family,Soldier
595,56815,Jutta an Dimun,Human,Female,Skelliger,Clan Dimun,No Profession
596,72950,Karli,Human,Female,Skelliger,No Family,No Profession
597,4831,Keira Metz,Human,Female,Temerian,No Family,Mage
598,29325,King of the Wolves (creature),No Race,No Gender,No Nationality,No Family,No Profession
599,21955,Kiyan,Human,Male,No Nationality,No Family,Witcher
600,79609,Kluhg,Human,Male,No Nationality,No Family,Smuggler
601,74525,Kobe,Human,Male,No Nationality,No Family,No Profession
602,73058,Kori,Human,Male,Skelliger,Clan Drummond,No Profession
603,73061,Kraki,Human,Male,Skelliger,Clan Drummond,No Profession
604,40238,Kurisu,Human,Female,Skelliger,No Family,No Profession
605,37536,Kurt (witch hunter),Human,Male,Novigradian,No Family,Witch hunter
606,24476,Kurt Dysart,Human,Male,Temerian,No Family,No Profession
607,51311,La Valette Guard Captain,Human,Male,Redanian,No Family,Soldier
608,73067,Leif,Human,Male,Skelliger,Clan Drummond,No Profession
609,74531,Lena,Human,Female,Temerian,No Family,No Profession
610,41941,Leslav,Human,Male,Temerian,No Family,Peat digger
611,43314,Lessy,Human,Female,Temerian,No Family,No Profession
612,79909,Liesje,Human,Female,Temerian,No Family,Farmer
613,51500,Little Red (bandit),Human,Female,No Nationality,No Family,Bandit
614,71637,Loan Shark,Human,Male,No Nationality,No Family,Merchant
615,75635,Lodrin,Human,Male,Temerian,No Family,Guard
616,72151,Lothar (Tjalve's father),Human,Male,Skelliger,No Family,No Profession
617,43469,Louis (bandit),Human,Male,No Nationality,No Family,Criminal
618,34772,Luc Vegelbud,Human,Male,No Nationality,Vegelbud family,No Profession
619,74527,Lucas,Human,Male,No Nationality,No Family,No Profession
620,41391,Lugos Drummond (Blueboy),Human,Male,Skelliger,Clan Drummond,No Profession
621,31468,Lugos Drummond (Madman),Human,Male,Skelliger,Clan Drummond,No Profession
622,28490,Lund,Human,Male,No Nationality,No Family,No Profession
623,43478,Lussi,Human,Female,No Nationality,No Family,Thief
624,38572,Lyffned,Human,Male,Nilfgaardian,No Family,Soldier
625,37451,Madame (Crippled Kate's),Human,Female,No Nationality,No Family,Madame
626,72735,Mandy,Human,Female,Temerian,No Family,No Profession
627,41880,Manfred (merchant),Human,Male,No Nationality,No Family,No Profession
628,30916,Manfred Grossbart,No Race,No Gender,No Nationality,No Family,No Profession
629,41137,Marabella,Human,Female,No Nationality,No Family,Teacher
630,29578,Marcus T.K. Hodgson,Human,Male,Redanian,No Family,Book seller
631,4830,Margarita Laux-Antille,Human,Female,No Nationality,No Family,Aretuza
632,34346,Margrit,Human,Female,Temerian,No Family,No Profession
633,45984,Marica,Human,Female,Temerian,No Family,Servant
634,85906,Marius Florin,Human,Male,Redanian,No Family,No Profession
635,32140,Marquise Serenity,Human,Female,No Nationality,No Family,Madame
636,74404,Master Claytop,Human,Male,No Nationality,No Family,Bookie
637,51768,Mathios,Human,Male,Skelliger,No Family,Steward
638,73045,Maxim Boliere,Human,Male,Redanian,No Family,Actor 
639,85811,Medic (Novigrad Docks),Human,Male,Redanian,No Family,Medic
640,85809,Medic (Oxenfurt Morgue),Human,Male,Redanian,No Family,Medic
641,72105,Merchant (Ard Skellig sawmill),Human,Male,Skelliger,No Family,Merchant
642,43902,Merchant (Blackbough),Human,Male,Temerian,No Family,Merchant
643,72847,Merchant (Blandare),Human,Male,Skelliger,No Family,Merchant
644,44047,Merchant (Boatmakers' Hut),Human,Male,No Nationality,No Family,Merchant
645,71333,Merchant (boatyard),Human,Male,Temerian,No Family,Merchant
646,77879,Merchant (Border Post),Human,Male,Temerian,No Family,Merchant
647,36157,Merchant (Calveit Watchtower),Human,Male,Nilfgaardian,No Family,Merchant
648,72498,Merchant (campsite),Human,Male,Temerian,No Family,Merchant
649,51218,Merchant (Claywich),Human,Male,Temerian,No Family,Merchant
650,39247,Merchant (Downwarren),Human,Male,No Nationality,No Family,Merchant
651,44041,Merchant (Fayrlund),Human,Male,Skelliger,No Family,Merchant
652,43075,Merchant (Fish Market),Human,Male,No Nationality,No Family,Merchant
653,72600,Merchant (fishmonger),Human,Male,Redanian,No Family,Merchant
654,72803,Merchant (Fyresdal),Human,Male,Skelliger,No Family,Merchant
655,42563,Merchant (Gildorf),Human,Male,No Nationality,No Family,Merchant
656,72880,Merchant (halfling),Halfling,Male,Redanian,No Family,Merchant
657,72450,Merchant (Harviken),Human,Male,Skelliger,No Family,Merchant
658,72808,Merchant (Hierarch Square),Human,Male,No Nationality,No Family,Merchant
659,72868,Merchant (Holmstein's Port),Human,Male,Skelliger,No Family,Merchant
660,41350,Merchant (Isolated Hut),Human,Male,Skelliger,No Family,Merchant
661,72875,Merchant (Kaer Trolde Harbor),Human,Male,Skelliger,No Family,Merchant
662,72850,Merchant (Larvik),Human,Male,Skelliger,No Family,Merchant
663,40018,Merchant (Lindenvale),Human,Male,Temerian,No Family,Merchant
664,42861,Merchant (Midcopse),Human,Male,Temerian,No Family,Merchant
665,76075,Merchant (Nilfgaardian Army Group 'Center' Camp),Human,Male,Nilfgaardian,No Family,Merchant
666,72267,Merchant (Oreton),Human,Male,Temerian,No Family,Merchant
667,72719,Merchant (Oxenfurt),Human,Male,Redanian,No Family,Merchant
668,72573,Merchant (Putrid Grove),Human,Male,Novigradian,No Family,Merchant
669,41186,Merchant (Scoia'tael),Elf,Male,No Nationality,No Family,Merchant
670,72877,Merchant (Silverton docks),Human,Male,Redanian,No Family,Merchant
671,72603,Merchant (Silverton),Human,Male,Redanian,No Family,Merchant
672,72852,Merchant (Svorlag),Human,Male,Skelliger,No Family,Merchant
673,72597,Merchant (The Bits),Human,Male,Redanian,No Family,Merchant
674,72490,Merchant (Tretogor Gate),Human,Male,Redanian,No Family,Merchant
675,73981,Merchant (White Orchard sawmill),Human,Male,Temerian,No Family,Merchant
676,29905,The Witcher 3 merchants,No Race,No Gender,No Nationality,No Family,No Profession
677,50698,Mercia,Human,Female,No Nationality,No Family,Prostitute
678,38907,Mererid,Human,Male,Nilfgaardian,No Family,Imperial Chamberlain
679,38631,Mikah,Human,Male,Temerian,No Family,No Profession
680,72212,Mikkel (Skelliger),Human,Male,Skelliger,No Family,No Profession
681,42832,Mikkjal,Human,Male,Skelliger,Clan Drummond,Lighthouse keeper
682,44004,Mikula (orphan),Human,Female,Temerian,No Family,No Profession
683,42949,Milan Noran,Human,Male,Alban,No Family,Soldier
684,43513,Millie,Human,Female,Temerian,No Family,No Profession
685,38642,Mislav,Human,Male,Temerian,No Family,Hunter
686,51313,Molly,Human,Female,No Nationality,No Family,Maid
687,31459,Moreelse,Human,Male,Novigradian,No Family,No Profession
688,42942,Moritz Diefenthel,Human,Male,No Nationality,No Family,Mage
689,40516,Morkvarg,Human,Male,Skelliger,No Family,Pirate
690,9390,Morvran Voorhis,Human,Male,Alban,Voorhis family,No Profession
691,3575,Mousesack,Human,Male,Skelliger,No Family,Druid
692,78496,Moving merchant,Human,Male,Temerian,No Family,Merchant
693,57571,Napp,Human,Male,Temerian,No Family,No Profession 
694,72272,Narcissa,Human,Female,No Nationality,No Family,Prostitute
695,31215,Nathaniel Pastodi,Human,Male,Redanian,No Family,Priest
696,78877,Nidas,Human,Male,Temerian,No Family,Soldier
697,34348,Niellen,Human,Male,Temerian,No Family,Hunter
698,36273,Nikolas Friedman,Human,Male,Redanian,No Family,Commander
699,38787,Nilfgaardian Nobleman (Royal Palace at Vizima),Human,Male,Nilfgaardian,No Family,Nobleman
700,73109,Nissa,Elf,Female,No Nationality,No Family,Performer
701,23372,Nithral,Elf,Male,No Nationality,No Family,Warrior
702,44044,Odhen,Human,Male,Skelliger,No Family,No Profession
703,42682,Odolan,Human,Male,Temerian,No Family,Farmer
704,40202,"Ogg, Pogg and Rogg",Troll,Male,No Nationality,No Family,No Profession
705,52685,Olaf (bear),No Race,Male,No Nationality,No Family,No Profession
706,51517,Olaf (guardsman),Human,Male,Skelliger,No Family,Guardsman
707,41687,Old Sage,Human,Male,Temerian,No Family,Soothsayer
708,76160,Old Woman (White Orchard),Human,Female,Temerian,No Family,No Profession
709,53725,Ole-Kristian,Human,Male,Skelliger,No Family,No Profession
710,41793,Olivier,Human,Male,Redanian,No Family,Innkeeper
711,43998,Orphans,No Race,No Gender,No Nationality,No Family,No Profession
712,60665,Oswin,Human,Male,Temerian,No Family,Stablemaster
713,42382,Otrygg an Hindar,Human,Male,Skelliger,Clan an Hindar,No Profession
714,67034,Otto Bamber,Halfling,Male,Redanian,No Family,Herbalist
715,34775,Patricia Vegelbud,Human,Female,No Nationality,Vegelbud family,No Profession
716,38147,Patrick Hazelnutt,Human,Male,Novigradian,No Family,Minor nobleman
717,27137,Peter Saar Gwynleve,Human,Male,Alban,No Family,Soldier
718,76346,Petter,Human,Male,Skelliger,No Family,No Profession
719,20605,Phillip Strenger,Human,Male,Temerian,No Family,Soldier
720,52274,Piet,Human,Male,Redanian,No Family,No Profession
721,79610,Polly,Human,Female,No Nationality,No Family,Choreographer
722,84322,Porter (Putrid Grove),Human,Male,Novigradian,No Family,Porter
723,40248,Preacher (Temple Isle),Human,Male,No Nationality,No Family,Mage
724,43447,Preben,Human,Male,Temerian,No Family,No Profession
725,38176,Princess (goat),No Race,Female,No Nationality,No Family,No Profession
726,21069,Priscilla,Human,Female,Kovirian,No Family,Bard
727,37889,Prison Warden,Human,Male,Redanian,No Family,Deireadh prison
728,51453,Quartermaster (Crow's Perch),Human,Male,Temerian,No Family,Merchant
729,39076,Quartermaster (Nilfgaardian Garrison),Human,Male,Nilfgaardian,No Family,Quartermaster
730,43280,Radko,Human,Male,Temerian,No Family,Soldier
731,38314,Ravik,Human,Male,No Nationality,No Family,No Profession
732,44151,Refugee (Benek),Human,Male,Temerian,No Family,No Profession
733,37549,Remi Villeroy,Human,Male,No Nationality,No Family,Mage
734,69558,Rhosyn,Human,Male,Nilfgaardian,No Family,Soldier
735,84319,Rico Meiersdorf,Halfling,Male,No Nationality,No Family,Spy
736,43296,Ronvid of the Small Marsh,Human,Male,Kaedwenian,No Family,Knight
737,36313,Rosa var Attre,Human,Female,Attrean,Attre ruling houses|var Attre family,No Profession
738,43526,Rostan Muggs,Dwarf,Male,No Nationality,No Family,No Profession
739,52335,Ruar,Human,Male,Skelliger,No Family,No Profession
740,35456,Rudolf de Jonkheer,Human,Male,Redanian,No Family,Banker
741,30922,Rufus,Human,Male,Redanian,No Family,Soldier
742,51335,Rurik,Human,Male,Skelliger,No Family,Boatwright's apprentice
743,21889,Salma,No Race,No Gender,No Nationality,No Family,No Profession
744,43172,Sarah,Godling,Female,No Nationality,No Family,No Profession
745,43901,Sergeant Ardal,Human,Male,Temerian,No Family,Soldier
746,43330,Shady merchant,Human,Male,No Nationality,No Family,Counterfeiter
747,7586,Sigismund Dijkstra,Human,Male,Redanian,No Family,Spymaster
748,31111,Sigo Buntz,Human,Male,Kovirian,No Family,Mage
749,41330,Sigurd,Human,Male,Skelliger,No Family,Blacksmith
750,44409,Simun Brambling,Human,Male,Skelliger,No Family,No Profession
751,44431,Sjusta,Human,Male,Skelliger,No Family,Barber
752,28435,Skjall,Human,Male,Skelliger,Clan Heymaey,Warrior
753,41342,Smith (Fyresdal),Human,Male,Skelliger,No Family,Blacksmith
754,41347,Smith (Kaer Muire),Human,Male,Skelliger,No Family,Blacksmith
755,41366,Smith (Svorlag),Human,Male,Skelliger,No Family,Blacksmith
756,43897,Smithy,Human,Male,Temerian,No Family,Velen
757,73126,Sofus the Bull,Human,Male,Metinnese,No Family,Fistfighter
758,42550,Stan Fishgulper,Human,Male,Temerian,No Family,Fisherman
759,43678,Steingrim,Human,Male,Skelliger,Clan an Craite,No Profession
760,32137,Stjepan,Human,Male,Redanian,No Family,Innkeeper
761,43282,Stuttering Mattko,Human,Male,Temerian,No Family,Horse racer
762,40628,Succubus (Ard Skellig),Succubus,Female,Skelliger,No Family,No Profession
763,83516,Sukrus,Human,Male,Skelliger,Clan Tuirseach,Mercenary
764,43918,Survivor (Heatherton),Human,Male,Temerian,No Family,No Profession
765,50702,Suzy,Human,Female,No Nationality,No Family,Prostitute
766,70388,Svana,Human,Female,Skelliger,No Family,Priest
767,24914,Svanrige Tuirseach,Human,Male,Skelliger,Clan Tuirseach,No Profession
768,40231,Sven (Fayrlund),Human,Male,Skelliger,No Family,No Profession
769,43779,Sverre,Human,Male,Skelliger,Clan Heymaey,Warrior
770,37455,Sweet Nettie,Human,Female,No Nationality,No Family,Prostitute
771,38354,Swordsmith (Mulbrydale),Human,Male,Temerian,No Family,Armorer
772,38051,Sylvester Amello,Human,Male,Redanian,No Family,Merchant
773,44021,Symko,Human,Male,Temerian,No Family,No Profession
774,28090,Tamara Strenger,Human,Female,Temerian,No Family,Witch hunter
775,25569,Tavar Eggebracht,Human,Male,Alban,Eggebracht family,Quartermaster
776,18211,The Ghost in the Tree,No Race,Female,No Nationality,No Family,Druid
777,47302,The Mysterious Elf,Elf,Male,No Nationality,No Family,Mage
778,33673,The Pellar,Human,Male,Temerian,No Family,Pellar
779,45982,Thecla,Human,Female,Temerian,No Family,Seer
780,30920,Theophile Maria Rosco,Human,Male,No Nationality,No Family,Mage
781,43782,Thorleif,Human,Male,Skelliger,No Family,Village Elder
782,76361,Tim Knott,Human,Male,No Nationality,No Family,No Profession
783,72032,Timmon,Human,Male,Skelliger,Clan Dimun,No Profession
784,83519,Tinboy,Human,Male,No Nationality,No Family,Thug
785,28970,Titus Gielas,Human,Male,Temerian,No Family,Fisstech
786,72153,Tjalve,Human,Male,Skelliger,No Family,No Profession
787,26176,Tomira,Human,Female,Temerian,No Family,Herbalist
788,51552,Torgun,Human,Male,Skelliger,No Family,No Profession
789,43018,Tove,Human,Female,Skelliger,No Family,No Profession
790,51451,Trader (Crow's Perch),Human,Male,Temerian,No Family,Merchant
791,40082,Traveling trader (Velen),Human,Male,Temerian,No Family,Merchant
792,43996,Travik,Human,Male,Temerian,No Family,No Profession
793,58877,Trollololo,Troll,Male,No Nationality,No Family,No Profession 
794,51554,Trygvi,Human,Male,Skelliger,No Family,No Profession
795,30575,Udalryk an Brokvar,Human,Male,Skelliger,Clan Brokvar,No Profession
796,70776,Ulf,Human,Male,Skelliger,No Family,No Profession
797,72210,Ulf (Timmon's brother),Human,Male,Skelliger,No Family,No Profession
798,47617,Ulle the Unlucky,Human,Male,Skelliger,No Family,No Profession
799,22572,Uma,Unknown,Male,No Nationality,No Family,No Profession
800,53723,Uve,Human,Male,Skelliger,Clan Drummond,Guard
801,41395,Uve Jabberjaw,Human,Male,Skelliger,No Family,Warrior
802,72945,Vagn,Human,Male,Skelliger,No Family,No Profession
803,38262,Vairmont Jonne,Human,Male,Redanian,No Family,Assistant professor
804,74890,Valdo,Elf,Male,No Nationality,No Family,Circus performer
805,40228,Valgard,Human,Male,Skelliger,No Family,Fistfighter
806,40224,Valgridovt,Human,Male,No Nationality,No Family,Prince
807,51270,Var Attre Guard Captain,Human,Male,Alban,No Family,Soldier
808,29607,Vernossiel,Elf,Female,No Nationality,No Family,No Profession
809,8974,Vespula,Human,Female,Novigradian,No Family,Laundress
810,73102,Victor,Human,Male,No Nationality,No Family,Bard
811,28488,Vienne,Elf,Female,No Nationality,No Family,No Profession
812,46365,Vigi the Loon,Human,Male,Skelliger,Clan Tordarroch,Boatwright
813,40222,Viki,Human,Female,No Nationality,No Family,No Profession
814,51575,Vilmar (druid),Human,Male,Skelliger,No Family,Druid
815,4017,Vimme Vivaldi,Dwarf,Male,No Nationality,Vivaldi family,Bank
816,72279,Viola,Human,Female,No Nationality,No Family,Prostitute
817,38230,Vladimir de Cret,Human,Male,Redanian,No Family,Nobleman
818,76303,Volund,Human,Male,Skelliger,No Family,No Profession
819,70700,Voytek,Human,Male,Temerian,No Family,Fisherman
820,43476,Wallter,Human,Male,No Nationality,No Family,No Profession
821,38660,Weavess,Relict,Female,No Nationality,No Family,Witch
822,38664,Whispess,Relict,Female,No Nationality,No Family,Witch
823,30099,Willis,Dwarf,Male,No Nationality,No Family,Armorer
824,44007,Yagna,Human,Female,Temerian,No Family,No Profession
825,77517,Yagoda,Human,Female,Temerian,No Family,No Profession
826,29066,Yamurlak (spy),Human,Male,Redanian,No Family,Spy
827,76258,Yanina,Human,Female,Redanian,No Family,No Profession
828,44018,Yanna (The Witcher 3),Human,Female,No Nationality,No Family,No Profession
829,45202,Yanne,Human,Male,Skelliger,No Family,Blacksmith
830,75637,Yaren,Human,Male,Temerian,No Family,No Profession
831,35362,Yoana,Human,Female,Skelliger,Clan Tordarroch,Armorer
832,51581,Yolar,Human,Male,Skelliger,No Family,Druid
833,43932,Yontek,Human,Male,Temerian,No Family,No Profession
834,76242,Yorg,Human,Male,Skelliger,No Family,No Profession
835,76245,Yorg's sister,Human,Female,Skelliger,No Family,No Profession
